,Source,Target,Weight
0,Rolf,Krake,18.0
1,Thor,Hammer,17.0
2,Odin,Name,13.0
3,Elder,Edda,13.0
4,Odin,Asas,13.0
5,Thor,Name,13.0
6,Thor,Hrungner,12.0
7,Gunnar,Sigurd,12.0
8,Odin,Gods,11.0
9,Hel,Balder,11.0
10,Balder,Hel,11.0
11,Odin,Son,10.0
12,Ganglere,Har,10.0
13,Vala,Prophecy,10.0
14,Odin,Loke,10.0
15,Thor,Thjalfe,10.0
16,Sigurd,Brynhild,10.0
17,Odin,People,10.0
18,Odin,Hall,9.0
19,Njord,Frey,9.0
20,Frey,Freyja,9.0
21,Thor,Hall,9.0
22,Hymer,Thor,9.0
23,Thor,Loke,9.0
24,Sigurd,Gunnar,9.0
25,Gunnar,Hogne,9.0
26,Norse,Mythology,9.0
27,Skjold,Son,8.0
28,Odin,Land,8.0
29,Odin,Mimer,8.0
30,Odin,Freyja,8.0
31,Loke,Thor,8.0
32,Odin,Frey,8.0
33,Odin,Drink,8.0
34,Bauge,Bolverk,8.0
35,Geirrod,Thor,8.0
36,Thor,Geirrod,8.0
37,Regin,Fafner,8.0
38,Sigurd,Son,8.0
39,Brynhild,Sigurd,8.0
40,God,World,7.0
41,Odin,Frigg,7.0
42,Asgard,Odin,7.0
43,Njord,Freyja,7.0
44,Thor,Journey,7.0
46,Thor,Hymer,7.0
47,Thor,Head,7.0
48,Balder,Asas,7.0
49,Balder,Frigg,7.0
50,Loke,Gods,7.0
51,Odin,Thor,7.0
52,Æger,Brage,7.0
53,Suttung,Mead,7.0
54,Bauge,Suttung,7.0
55,Odin,Njord,7.0
56,Loke,Dwarf,7.0
57,Sigurd,Fafner,7.0
58,Asaland,People,7.0
59,Svithjod,Odin,7.0
60,Skade,Abode,7.0
61,Jupiter,Son,6.0
62,Pompey,Odin,6.0
63,Odin,Men,6.0
64,Sif,Hair,6.0
67,Har,Gods,6.0
68,Loke,Frigg,6.0
70,Idun,Apples,6.0
71,Loke,Name,6.0
72,Skirner,Frey,6.0
73,Loke,Asas,6.0
74,Thor,Man,6.0
75,Frey,Gerd,6.0
76,Odin,Names,6.0
77,Thor,Home,6.0
78,Loke,Son,6.0
79,Thor,Night,6.0
80,Thor,Skrymer,6.0
81,Thjalfe,Race,6.0
82,Thor,Foot,6.0
83,Odin,Head,6.0
84,Odin,Home,6.0
85,Bolverk,Bauge,6.0
86,Suttung,Bolverk,6.0
87,Hrungner,Thor,6.0
89,Fafner,Regin,6.0
90,Sigurd,Sword,6.0
91,Gjuke,Sigurd,6.0
92,Hogne,Sigurd,6.0
93,Frode,Mill,6.0
94,Vog,King,6.0
95,Hedin,Hogne,6.0
96,Great,Svithjod,6.0
97,Vanaland,People,6.0
98,Sisters,Fate,6.0
99,Alfather,Abode,6.0
100,Balder,Abode,6.0
101,Odin,Time,5.0
104,Saxland,Sons,5.0
105,Odin,Country,5.0
106,Odin,Balder,5.0
107,Svithjod,Sweden,5.0
108,Odin,Things,5.0
109,Gefjun,Land,5.0
110,Edda,Ganglere,5.0
111,Asgard,Gods,5.0
112,Mimer,Ash,5.0
113,Urd,Skuld,5.0
115,Thor,Men,5.0
116,Njord,Noatun,5.0
117,Freyja,Asas,5.0
118,Thor,Son,5.0
120,Freyja,Names,5.0
121,Lay,Grimner,5.0
122,Loke,Death,5.0
123,Loke,Feet,5.0
126,Loke,End,5.0
129,Thor,Air,5.0
130,Thor,Giant,5.0
131,Loke,Ring,5.0
132,Balder,Hermod,5.0
133,Odin,Asgard,5.0
134,Idun,Loke,5.0
135,Bauge,Mead,5.0
136,Hence,Odin,5.0
137,Odin,Hrungner,5.0
138,Thor,Giants,5.0
139,Thor,Flint-stone,5.0
140,Æger,Fire,5.0
141,Fafner,Gold,5.0
142,Regin,Sigurd,5.0
143,Sigurd,Gjuke,5.0
144,Gunnar,Gudrun,5.0
145,Brynhild,Gunnar,5.0
146,Brynhild,Gudrun,5.0
147,Sorle,Hamder,5.0
148,Krake,Name,5.0
149,Krake,King,5.0
150,Hogne,Hedin,5.0
151,Odin,Gylfe,5.0
152,Romulus,History,5.0
153,Svithjod,People,5.0
154,Heimdal,Abode,5.0
156,Frigg,Odin,4.0
163,Skjold,Fridleif,4.0
165,Fridleif,Son,4.0
166,Odin,Wife,4.0
171,Odin,Journey,4.0
172,Seeland,Land,4.0
173,Sweden,Lake,4.0
174,Lake,Malar,4.0
175,Gefjun,Gylfe,4.0
177,Har,Alfather,4.0
178,Herjan,Hnikar,4.0
179,Hel,World,4.0
180,Niflheim,Hvergelmer,4.0
181,Vala,Sun,4.0
182,Muspelheim,Niflheim,4.0
183,Ymer,Har,4.0
184,Grimner,Lay,4.0
185,Asgard,Place,4.0
186,Odin,World,4.0
187,Jord,Son,4.0
188,Vala,Gods,4.0
189,Prophecy,Gods,4.0
190,Ygdrasil,Ash,4.0
191,Hvergelmer,Nidhug,4.0
192,Prophecy,Mimer,4.0
193,Har,Men,4.0
194,Urd,Har,4.0
195,Thor,Gods,4.0
197,Balder,Things,4.0
198,Njord,Daughter,4.0
199,Frey,Name,4.0
200,Freyja,Odin,4.0
201,Tyr,Hand,4.0
202,Tyr,Wolf,4.0
203,Brage,Asas,4.0
204,Ragnarok,Gods,4.0
205,Thor,Odin,4.0
206,Sif,Thor,4.0
207,Odin,Chapter,4.0
210,Frey,Skirner,4.0
212,Ganglere,Food,4.0
213,Skidbladner,Odin,4.0
214,Odin,Sleipner,4.0
215,Thor,Mjolner,4.0
216,Thor,Strength,4.0
218,Skrymer,Head,4.0
219,Loge,Loke,4.0
220,Loke,Loge,4.0
221,Thor,Asas,4.0
223,Balder,Oath,4.0
224,Loke,Balder,4.0
225,Frigg,Woman,4.0
226,Balder,Gods,4.0
227,Balder,Home,4.0
228,Odin,Hermod,4.0
229,Hel,Way,4.0
230,Balder,Way,4.0
231,Hel,Things,4.0
232,Asgard,Asas,4.0
233,Loke,River,4.0
234,Thor,Stream,4.0
236,Loke,Sons,4.0
237,Odin,Vidar,4.0
238,Odin,Wolf,4.0
239,Vidar,Loke,4.0
240,Vidar,Vale,4.0
241,Loke,Journey,4.0
242,Loke,Asgard,4.0
243,Thor,Frey,4.0
244,Frey,Brage,4.0
245,Frey,Loke,4.0
246,Loke,Idun,4.0
247,Æger,Asas,4.0
248,Asgard,Loke,4.0
249,Thjasse,Idun,4.0
250,Idun,Asas,4.0
251,Loke,Odin,4.0
252,Son,Mead,4.0
254,Bolverk,Mead,4.0
255,Suttung,Bauge,4.0
258,Odin,Gift,4.0
259,Odin,Æger,4.0
261,Thor,Horse,4.0
262,Hrungner,Flint-stone,4.0
263,Gjalp,Geirrod,4.0
264,Geirrod,Hall,4.0
265,Æger,Gold,4.0
267,Æger,Daughters,4.0
269,Loke,Brok,4.0
272,Fafner,Brother,4.0
273,Hreidmar,Gold,4.0
275,Sigmund,Son,4.0
276,Fafner,Sigurd,4.0
277,Fafner,Heart,4.0
278,Sigurd,Grane,4.0
280,Gjuke,Gunnar,4.0
281,Gjuke,Gudrun,4.0
282,Gunnar,Gjuke,4.0
283,Sigurd,Gudrun,4.0
284,Sigurd,Atle,4.0
285,Gudrun,Hair,4.0
286,Sigurd,Guthorm,4.0
287,Guthorm,Sigurd,4.0
288,Jormunrek,King,4.0
289,Svithjod,Name,4.0
290,Vog,Rolf,4.0
291,Rolf,King,4.0
292,Greeks,Romans,4.0
293,Romans,Odin,4.0
294,Mithridates,Odin,4.0
295,Odin,North,4.0
296,Gylfe,Odin,4.0
297,Black,Sea,4.0
298,Svithjod,Great,4.0
299,Asia,Footnote,4.0
302,Frey,People,4.0
303,Odin,Asaland,4.0
304,Njord,People,4.0
305,Edda,Odin,4.0
306,Gylfe,People,4.0
307,Gylfe,Asaland,4.0
308,Swedes,Frey,4.0
309,Fjolner,Name,4.0
310,Hler,Loge,4.0
311,Kare,Son,4.0
312,Froste,Son,4.0
316,Freyja,Abode,4.0
318,Balder,World,4.0
320,Troy,Land,3.0
324,Njord,Son,3.0
325,Herikon,Son,3.0
326,Roman,Odin,3.0
327,Asia,Country,3.0
330,Odin,Man,3.0
331,Odin,Sons,3.0
335,Odin,Place,3.0
337,Troy,Men,3.0
339,Odin,Sweden,3.0
341,Sweden,Malar,3.0
343,Lake,Sweden,3.0
344,Gefjun,Glad,3.0
345,Gefjun,Denmark,3.0
346,Gefjun,Increase,3.0
347,Gylfe,Denmark,3.0
348,Denmark,Increase,3.0
349,Denmark,Heads,3.0
350,Denmark,Eyes,3.0
351,Gylfe,Man,3.0
354,Har,Jafnhar,3.0
355,Jafnhar,Thride,3.0
356,Thride,Har,3.0
357,Hnikar,Hnikud,3.0
358,Hnikar,Fjolner,3.0
359,Hnikar,Oske,3.0
360,Oske,Ome,3.0
361,Oske,Biflinde,3.0
362,Ome,Biflinde,3.0
363,Har,Ganglere,3.0
364,Said,Ganglere,3.0
365,Said,Har,3.0
366,Har,Sea,3.0
367,Ginungagap,Earth,3.0
369,Surt,Sword,3.0
370,Niflheim,Ginungagap,3.0
371,Muspelheim,Ginungagap,3.0
372,Ymer,Ganglere,3.0
374,Har,Day,3.0
375,Bor,Sons,3.0
376,Elder,Vala,3.0
377,Elder,Prophecy,3.0
378,Edda,Vala,3.0
379,Edda,Prophecy,3.0
380,Edda,Norse,3.0
381,Har,Earth,3.0
382,Midgard,Sons,3.0
383,Elder,Lay,3.0
384,Edda,Lay,3.0
385,Edda,Chapter,3.0
386,Lay,Ganglere,3.0
389,Jotunheim,Name,3.0
390,Muspelheim,Gods,3.0
391,Jotunheim,Gods,3.0
393,Vala,Mimer,3.0
394,Prophecy,Odin,3.0
395,Odin,Mead,3.0
396,Mimer,Heaven,3.0
397,Sleipner,Odin,3.0
401,Himinbjorg,Heaven,3.0
402,Surt,Fire,3.0
403,Har,Heaven,3.0
404,Ganglere,Asas,3.0
405,Grim,Name,3.0
406,Grimner,Jalk,3.0
407,Sidhot,Sidskeg,3.0
409,Njord,Skade,3.0
410,Noatun,Footnote,3.0
411,Noatun,Son,3.0
412,Thjasse,Skade,3.0
413,Thjasse,Father,3.0
414,Skade,Gods,3.0
415,Frey,Asas,3.0
417,Tyr,Asas,3.0
418,Ragnarok,Ganglere,3.0
419,Vidar,Thor,3.0
420,Thor,Vale,3.0
421,Forsete,Loke,3.0
423,Loke,Wolf,3.0
424,Frigg,Freyja,3.0
425,Freyja,Name,3.0
428,Thor,Wife,3.0
429,Frey,Sword,3.0
430,Frey,Journey,3.0
431,Frey,Night,3.0
432,Ganglere,Odin,3.0
434,Har,Valhal,3.0
435,Odin,Peace,3.0
436,Ygdrasil,Asas,3.0
438,Brage,Chapter,3.0
439,Brage,Odin,3.0
442,Loke,Oath,3.0
443,Frey,Thor,3.0
445,Thor,Eyes,3.0
447,Thor,Place,3.0
450,Thor,Way,3.0
452,Skrymer,Thor,3.0
454,Thor,Time,3.0
456,Loke,Man,3.0
460,Thor,Hand,3.0
462,Thor,Hands,3.0
464,Midgard,Thor,3.0
467,Thor,Serpent,3.0
468,Thor,Feet,3.0
469,Thor,Sea,3.0
472,Frigg,Asas,3.0
474,Hermod,Odin,3.0
477,Hermod,Balder,3.0
478,Balder,Name,3.0
479,Thor,Dwarf,3.0
480,Frey,Heimdal,3.0
481,Heimdal,Freyja,3.0
482,Heimdal,Odin,3.0
483,Freyja,Draupner,3.0
484,Odin,Gold,3.0
485,Hel,Hermod,3.0
486,Hel,Horse,3.0
487,Thok,Balder,3.0
488,Hel,Death,3.0
489,Balder,Death,3.0
490,Loke,Hel,3.0
492,Loke,Fire,3.0
495,Loke,Brother,3.0
496,Vale,Narfe,3.0
497,Loke,Earth,3.0
498,Mimer,Ygdrasil,3.0
499,Mimer,Things,3.0
500,Vidar,Wolf,3.0
502,Loke,Æger,3.0
503,Thor,Njord,3.0
504,Thor,Tyr,3.0
505,Thor,Vidar,3.0
506,Thor,Uller,3.0
507,Njord,Vidar,3.0
508,Frey,Vidar,3.0
509,Tyr,Vidar,3.0
510,Heimdal,Vidar,3.0
511,Heimdal,Forsete,3.0
512,Honer,Loke,3.0
513,Freyja,Gerd,3.0
514,Æger,Things,3.0
515,Brage,Æger,3.0
516,Brage,Apples,3.0
517,Brage,Loke,3.0
518,Loke,Hands,3.0
519,Idun,Asgard,3.0
520,Thjasse,Eagle,3.0
521,Thjasse,Home,3.0
522,Thjasse,Asas,3.0
523,Asgard,Skade,3.0
524,Odin,Bauge,3.0
526,Bolverk,Men,3.0
530,Odin,Tyr,3.0
531,Troy,Sons,3.0
532,Æger,Thor,3.0
533,Æger,Odin,3.0
534,Jotunheim,Hrungner,3.0
535,Hrungner,Air,3.0
537,Asgard,Freyja,3.0
539,Hrungner,Giants,3.0
543,Hrungner,Hammer,3.0
544,Thor,Thrudvang,3.0
545,Loke,Geirrod,3.0
546,Geirrod,Loke,3.0
547,Thor,River,3.0
548,Gjalp,Greip,3.0
549,Greip,Geirrod,3.0
552,Odin,Earth,3.0
554,Loke,Sif,3.0
556,Æger,Sea,3.0
557,Sif,Loke,3.0
558,Loke,Hair,3.0
559,Loke,Head,3.0
560,Brok,Loke,3.0
563,Loke,Gold,3.0
565,Hreidmar,Fafner,3.0
566,Regin,Brother,3.0
569,Fafner,Sword,3.0
570,Sigurd,Sigmund,3.0
571,Sigurd,Daughter,3.0
572,Sigurd,Regin,3.0
573,Sigurd,Heart,3.0
574,Grane,Sigurd,3.0
575,Hild,Name,3.0
576,Brynhild,Wife,3.0
577,Sigurd,Wife,3.0
578,Sigurd,Children,3.0
579,Gjuke,Hogne,3.0
580,Hogne,Gudrun,3.0
581,Hogne,Gjuke,3.0
582,Hogne,Daughter,3.0
583,Gudrun,Gunnar,3.0
584,Gjuke,Daughter,3.0
585,Sigurd,Hogne,3.0
586,Gunnar,Atle,3.0
587,Hogne,Atle,3.0
588,Hogne,Son,3.0
589,Sigurd,Budle,3.0
590,Gjuke,Brynhild,3.0
593,Gunnar,Brynhild,3.0
594,Gudrun,Brynhild,3.0
595,Gudrun,Stream,3.0
596,Brynhild,Hogne,3.0
597,Guthorm,Sword,3.0
598,Hogne,Gold,3.0
599,Atle,Gunnar,3.0
600,Atle,Hogne,3.0
601,Sorle,Erp,3.0
603,Jormunrek,Feet,3.0
604,Sorle,Hands,3.0
605,Hamder,Erp,3.0
606,Erp,Jormunrek,3.0
607,Frode,King,3.0
609,Svithjod,Land,3.0
610,Frode,Hands,3.0
611,Wake,Frode,3.0
612,Yrsa,Brother,3.0
613,Rolf,Adils,3.0
614,Krake,Adils,3.0
616,Adils,Rolf,3.0
617,Adils,Krake,3.0
618,Adils,King,3.0
620,Adils,Fire,3.0
622,Fyrisvold,King,3.0
623,Fyrisvold,Name,3.0
628,Romulus,Roman,3.0
631,Greeks,Æneas,3.0
632,Virgil,Odin,3.0
633,Pompey,Mithridates,3.0
635,Odin,Mithridates,3.0
638,Sweden,Norway,3.0
639,Sweden,People,3.0
640,Heimskringla,Odin,3.0
641,Asia,Europe,3.0
645,Great,Part,3.0
646,Sweden,Footnote,3.0
647,Asaland,Odin,3.0
648,Frey,Asaland,3.0
649,Asaland,Man,3.0
651,Frey,Footnote,3.0
652,Mythology,Footnote,3.0
653,Elder,Odin,3.0
654,Great,Odin,3.0
655,Turkland,Odin,3.0
660,Sweden,Odin,3.0
661,Gylfe,Strength,3.0
662,Grimner,Elder,3.0
663,Grimner,Edda,3.0
664,Grimner,Odin,3.0
667,Yngve,Name,3.0
668,Frey,Edda,3.0
669,Loge,Kare,3.0
670,Kare,Name,3.0
671,Kare,Froste,3.0
675,Urd,Mythology,3.0
676,Lay,Elder,3.0
677,Lay,Edda,3.0
678,Norns,Shakspeare,3.0
679,Sisters,Witches,3.0
680,Sisters,Shakspeare,3.0
681,Sisters,Norns,3.0
688,Witches,Act,3.0
689,Norns,Witches,3.0
690,Shakspeare,Witches,3.0
694,Forsete,Abode,3.0
696,Thor,God,3.0
698,Nordischen,Von,3.0
699,Christmas,Man,3.0
700,God,Earth,2.0
701,God,Things,2.0
704,God,Sons,2.0
705,God,Name,2.0
706,God,Man,2.0
711,Sea,Part,2.0
715,Saturn,God,2.0
719,Nile,Country,2.0
726,Jupiter,Men,2.0
727,Jupiter,Father,2.0
729,Jupiter,Earth,2.0
730,Cerberos,Greeks,2.0
732,Cerberos,Earth,2.0
733,Cerberos,Saturn,2.0
734,Saturn,Jupiter,2.0
735,Saturn,Son,2.0
737,Herikon,Priamos,2.0
741,Priamos,Sons,2.0
742,Priamos,Hektor,2.0
743,Priamos,Men,2.0
744,Priamos,World,2.0
745,Hektor,Men,2.0
746,Greeks,Strength,2.0
752,Sif,Women,2.0
753,Sif,Gold,2.0
754,Sif,Son,2.0
756,Frigg,Wife,2.0
759,Saxland,Odin,2.0
760,Saxland,Country,2.0
762,Odin,King,2.0
765,Saxland,Father,2.0
770,Balder,Land,2.0
771,Balder,Son,2.0
776,Skjold,Land,2.0
777,Svithjod,King,2.0
779,Sweden,Land,2.0
781,Gylfe,Sweden,2.0
782,Gefjun,North,2.0
784,Jotunheim,Sons,2.0
786,Gefjun,Seeland,2.0
793,Lake,Seeland,2.0
795,Lake,Brage,2.0
796,Seeland,Gefjun,2.0
797,Seeland,Drew,2.0
798,Seeland,Gylfe,2.0
799,Seeland,Denmark,2.0
800,Seeland,Increase,2.0
801,Brage,Gefjun,2.0
802,Gefjun,Drew,2.0
804,Gefjun,Heads,2.0
805,Drew,Gylfe,2.0
806,Drew,Land,2.0
807,Drew,Denmark,2.0
808,Drew,Increase,2.0
810,Drew,Heads,2.0
811,Gylfe,Land,2.0
812,Gylfe,Increase,2.0
814,Gylfe,Heads,2.0
815,Gylfe,Eyes,2.0
821,Valhal,Gold,2.0
825,Ganglere,Gods,2.0
827,Herjan,Fjolner,2.0
828,Hnikar,Ome,2.0
829,Hnikar,Biflinde,2.0
830,Hnikud,Oske,2.0
831,Hnikud,Ome,2.0
832,Hnikud,Biflinde,2.0
833,Fjolner,Oske,2.0
834,Fjolner,Ome,2.0
835,Fjolner,Biflinde,2.0
836,Ome,Jalk,2.0
837,Biflinde,Jalk,2.0
838,Biflinde,Ganglere,2.0
839,Jalk,Ganglere,2.0
840,Har,Things,2.0
842,Hel,Heaven,2.0
844,Har,World,2.0
846,Har,Time,2.0
847,Har,Morning,2.0
848,Ginungagap,Jafnhar,2.0
849,Ginungagap,Niflheim,2.0
850,Jafnhar,Earth,2.0
858,Thride,Muspelheim,2.0
859,Prophecy,Sun,2.0
860,Surt,Sun,2.0
861,Hel,Men,2.0
862,Said,Place,2.0
863,Ginungagap,North,2.0
867,Ginungagap,Muspelheim,2.0
868,Thride,Things,2.0
872,Prophecy,Vala,2.0
874,Ymer,Sons,2.0
876,Ymer,Dwell,2.0
881,Thereupon,Ganglere,2.0
882,Thereupon,Har,2.0
883,Bor,Woman,2.0
884,Bor,Name,2.0
886,Bor,Daughter,2.0
889,Bor,Odin,2.0
891,Har,Sons,2.0
892,Har,Bor,2.0
893,Har,Ymer,2.0
898,Ymer,Earth,2.0
903,Vala,Hall,2.0
910,Elder,Chapter,2.0
911,Elder,Ganglere,2.0
912,Grimner,Ganglere,2.0
913,Lay,Chapter,2.0
921,Troy,Gods,2.0
922,Troy,Race,2.0
923,Asgard,World,2.0
925,Odin,Alfather,2.0
926,Odin,Father,2.0
927,Jord,Earth,2.0
928,Jord,Daughter,2.0
929,Jord,Wife,2.0
930,Narfe,Jotunheim,2.0
933,Day,Earth,2.0
934,Har,Man,2.0
945,Jotunheim,Dwarfs,2.0
949,Vale,Dwell,2.0
956,Har,Ash,2.0
957,Ygdrasil,Ganglere,2.0
958,Said,Jafnhar,2.0
959,Ginungagap,Hvergelmer,2.0
960,Niflheim,Nidhug,2.0
965,Vala,Odin,2.0
966,Odin,Morning,2.0
969,Mimer,Mead,2.0
971,Mimer,Morning,2.0
976,Urd,Day,2.0
977,Sleipner,Glad,2.0
978,Sleipner,Gyller,2.0
979,Glad,Gyller,2.0
980,Glad,Gler,2.0
981,Glad,Skeidbrimer,2.0
982,Glad,Siner,2.0
983,Glad,Gisl,2.0
984,Glad,Falhofner,2.0
985,Gyller,Gler,2.0
986,Gyller,Skeidbrimer,2.0
987,Gyller,Siner,2.0
988,Gyller,Gisl,2.0
989,Gyller,Falhofner,2.0
990,Gler,Skeidbrimer,2.0
991,Gler,Siner,2.0
992,Gler,Gisl,2.0
993,Gler,Falhofner,2.0
994,Skeidbrimer,Siner,2.0
995,Skeidbrimer,Gisl,2.0
996,Skeidbrimer,Falhofner,2.0
997,Siner,Gisl,2.0
998,Siner,Falhofner,2.0
999,Gisl,Falhofner,2.0
1000,Balder,Horse,2.0
1003,Urd,Men,2.0
1004,Nidhug,Ash,2.0
1006,Nidhug,Ygdrasil,2.0
1012,Himinbjorg,End,2.0
1015,Vala,Name,2.0
1018,Har,Asas,2.0
1021,Frigg,Men,2.0
1022,Alfather,Father,2.0
1023,Alfather,Gods,2.0
1024,Grim,Herjan,2.0
1025,Grim,Thride,2.0
1026,Grim,Thud,2.0
1027,Grim,Helblinde,2.0
1028,Grim,Har,2.0
1029,Grim,Sad,2.0
1030,Herjan,Thride,2.0
1031,Herjan,Thud,2.0
1032,Herjan,Helblinde,2.0
1033,Herjan,Har,2.0
1034,Herjan,Sad,2.0
1035,Herjan,Svipal,2.0
1036,Herjan,Herteit,2.0
1037,Thride,Thud,2.0
1038,Thride,Helblinde,2.0
1039,Thride,Sad,2.0
1040,Thride,Svipal,2.0
1041,Thride,Herteit,2.0
1042,Thride,Hnikar,2.0
1043,Thride,Bileyg,2.0
1044,Thride,Baleyg,2.0
1045,Thride,Bolverk,2.0
1046,Thride,Fjolner,2.0
1047,Thud,Helblinde,2.0
1048,Thud,Har,2.0
1049,Thud,Sad,2.0
1050,Thud,Svipal,2.0
1051,Thud,Herteit,2.0
1052,Thud,Hnikar,2.0
1053,Thud,Bileyg,2.0
1054,Thud,Baleyg,2.0
1055,Thud,Bolverk,2.0
1056,Thud,Fjolner,2.0
1057,Helblinde,Har,2.0
1058,Helblinde,Sad,2.0
1059,Helblinde,Svipal,2.0
1060,Helblinde,Herteit,2.0
1061,Helblinde,Hnikar,2.0
1062,Helblinde,Bileyg,2.0
1063,Helblinde,Baleyg,2.0
1064,Helblinde,Bolverk,2.0
1065,Helblinde,Fjolner,2.0
1066,Helblinde,Grimner,2.0
1067,Helblinde,Glapsvid,2.0
1068,Har,Sad,2.0
1069,Har,Svipal,2.0
1070,Har,Herteit,2.0
1071,Har,Hnikar,2.0
1072,Har,Bileyg,2.0
1073,Har,Baleyg,2.0
1074,Har,Bolverk,2.0
1075,Har,Fjolner,2.0
1076,Har,Grimner,2.0
1077,Har,Glapsvid,2.0
1078,Har,Fjolsvid,2.0
1079,Sad,Svipal,2.0
1080,Sad,Herteit,2.0
1081,Sad,Hnikar,2.0
1082,Sad,Bileyg,2.0
1083,Sad,Baleyg,2.0
1084,Sad,Bolverk,2.0
1085,Sad,Fjolner,2.0
1086,Sad,Grimner,2.0
1087,Sad,Glapsvid,2.0
1088,Sad,Fjolsvid,2.0
1089,Sad,Sidhot,2.0
1090,Svipal,Herteit,2.0
1091,Svipal,Hnikar,2.0
1092,Svipal,Bileyg,2.0
1093,Svipal,Baleyg,2.0
1094,Svipal,Bolverk,2.0
1095,Svipal,Fjolner,2.0
1096,Svipal,Grimner,2.0
1097,Svipal,Glapsvid,2.0
1098,Svipal,Fjolsvid,2.0
1099,Svipal,Sidhot,2.0
1100,Svipal,Sidskeg,2.0
1101,Svipal,Sigfather,2.0
1102,Herteit,Hnikar,2.0
1103,Herteit,Bileyg,2.0
1104,Herteit,Baleyg,2.0
1105,Herteit,Bolverk,2.0
1106,Herteit,Fjolner,2.0
1107,Herteit,Grimner,2.0
1108,Herteit,Glapsvid,2.0
1109,Herteit,Fjolsvid,2.0
1110,Herteit,Sidhot,2.0
1111,Herteit,Sidskeg,2.0
1112,Herteit,Sigfather,2.0
1113,Herteit,Hnikud,2.0
1114,Herteit,Alfather,2.0
1115,Hnikar,Bileyg,2.0
1116,Hnikar,Baleyg,2.0
1117,Hnikar,Bolverk,2.0
1118,Hnikar,Grimner,2.0
1119,Hnikar,Glapsvid,2.0
1120,Hnikar,Fjolsvid,2.0
1121,Hnikar,Sidhot,2.0
1122,Hnikar,Sidskeg,2.0
1123,Hnikar,Sigfather,2.0
1124,Hnikar,Alfather,2.0
1125,Hnikar,Atrid,2.0
1126,Bileyg,Baleyg,2.0
1127,Bileyg,Bolverk,2.0
1128,Bileyg,Fjolner,2.0
1129,Bileyg,Grimner,2.0
1130,Bileyg,Glapsvid,2.0
1131,Bileyg,Fjolsvid,2.0
1132,Bileyg,Sidhot,2.0
1133,Bileyg,Sidskeg,2.0
1134,Bileyg,Sigfather,2.0
1135,Bileyg,Hnikud,2.0
1136,Bileyg,Alfather,2.0
1137,Bileyg,Atrid,2.0
1138,Bileyg,Farmatyr,2.0
1139,Baleyg,Bolverk,2.0
1140,Baleyg,Fjolner,2.0
1141,Baleyg,Grimner,2.0
1142,Baleyg,Glapsvid,2.0
1143,Baleyg,Fjolsvid,2.0
1144,Baleyg,Sidhot,2.0
1145,Baleyg,Sidskeg,2.0
1146,Baleyg,Sigfather,2.0
1147,Baleyg,Hnikud,2.0
1148,Baleyg,Alfather,2.0
1149,Baleyg,Atrid,2.0
1150,Baleyg,Farmatyr,2.0
1151,Bolverk,Fjolner,2.0
1152,Bolverk,Grimner,2.0
1153,Bolverk,Glapsvid,2.0
1154,Bolverk,Fjolsvid,2.0
1155,Bolverk,Sidhot,2.0
1156,Bolverk,Sidskeg,2.0
1157,Bolverk,Sigfather,2.0
1158,Bolverk,Hnikud,2.0
1159,Bolverk,Alfather,2.0
1160,Bolverk,Atrid,2.0
1161,Bolverk,Farmatyr,2.0
1162,Fjolner,Grimner,2.0
1163,Fjolner,Glapsvid,2.0
1164,Fjolner,Fjolsvid,2.0
1165,Fjolner,Sidhot,2.0
1166,Fjolner,Sidskeg,2.0
1167,Fjolner,Sigfather,2.0
1168,Fjolner,Hnikud,2.0
1169,Fjolner,Alfather,2.0
1170,Fjolner,Atrid,2.0
1171,Fjolner,Farmatyr,2.0
1172,Grimner,Glapsvid,2.0
1173,Grimner,Fjolsvid,2.0
1174,Grimner,Sidhot,2.0
1175,Grimner,Sidskeg,2.0
1176,Grimner,Sigfather,2.0
1177,Grimner,Hnikud,2.0
1178,Grimner,Alfather,2.0
1179,Grimner,Atrid,2.0
1180,Grimner,Farmatyr,2.0
1182,Glapsvid,Fjolsvid,2.0
1183,Glapsvid,Sidhot,2.0
1184,Glapsvid,Sidskeg,2.0
1185,Glapsvid,Sigfather,2.0
1186,Glapsvid,Hnikud,2.0
1187,Glapsvid,Alfather,2.0
1188,Glapsvid,Atrid,2.0
1189,Glapsvid,Farmatyr,2.0
1190,Fjolsvid,Sidhot,2.0
1191,Fjolsvid,Sidskeg,2.0
1192,Fjolsvid,Sigfather,2.0
1193,Fjolsvid,Hnikud,2.0
1194,Fjolsvid,Alfather,2.0
1195,Fjolsvid,Atrid,2.0
1196,Fjolsvid,Farmatyr,2.0
1197,Sidhot,Sigfather,2.0
1198,Sidhot,Hnikud,2.0
1199,Sidhot,Alfather,2.0
1200,Sidhot,Atrid,2.0
1201,Sidhot,Farmatyr,2.0
1202,Sidhot,Jalk,2.0
1203,Sidskeg,Sigfather,2.0
1204,Sidskeg,Hnikud,2.0
1205,Sidskeg,Alfather,2.0
1206,Sidskeg,Atrid,2.0
1207,Sidskeg,Farmatyr,2.0
1208,Sidskeg,Jalk,2.0
1209,Sigfather,Hnikud,2.0
1210,Sigfather,Alfather,2.0
1211,Sigfather,Atrid,2.0
1212,Sigfather,Farmatyr,2.0
1213,Hnikud,Alfather,2.0
1214,Hnikud,Atrid,2.0
1215,Hnikud,Farmatyr,2.0
1216,Atrid,Farmatyr,2.0
1217,Oske,Jafnhar,2.0
1218,Oske,Gondler,2.0
1219,Oske,Harbard,2.0
1220,Oske,Svidur,2.0
1221,Ome,Jafnhar,2.0
1222,Ome,Gondler,2.0
1223,Ome,Harbard,2.0
1224,Ome,Svidur,2.0
1225,Jafnhar,Biflinde,2.0
1226,Jafnhar,Gondler,2.0
1227,Jafnhar,Harbard,2.0
1228,Jafnhar,Svidur,2.0
1229,Biflinde,Gondler,2.0
1230,Biflinde,Harbard,2.0
1231,Biflinde,Svidur,2.0
1232,Gondler,Harbard,2.0
1233,Gondler,Svidur,2.0
1234,Harbard,Svidur,2.0
1237,Jalk,Thund,2.0
1238,Jalk,Names,2.0
1242,Thund,Names,2.0
1246,Har,Thor,2.0
1248,Thrudvang,Hall,2.0
1259,Thereupon,Asas,2.0
1260,Thereupon,Odin,2.0
1261,Balder,Hall,2.0
1262,Honer,Gods,2.0
1263,Njord,Father,2.0
1264,Skade,Father,2.0
1271,Thjasse,Gods,2.0
1272,Skade,Njord,2.0
1273,Skade,Noatun,2.0
1274,Njord,Name,2.0
1275,Noatun,Name,2.0
1276,Noatun,Frey,2.0
1277,Frey,Daughter,2.0
1278,Freyja,Frey,2.0
1283,Freyja,Day,2.0
1293,Brage,Name,2.0
1294,Idun,Gods,2.0
1297,Himinbjorg,Gods,2.0
1298,Heimdal,Himinbjorg,2.0
1301,Heimdal,Gods,2.0
1303,Vale,Uller,2.0
1304,Odin,Uller,2.0
1311,Loke,Men,2.0
1312,Narfe,Loke,2.0
1313,Narfe,Children,2.0
1314,Loke,Children,2.0
1322,Frey,Dwarfs,2.0
1325,Odin,Asynjes,2.0
1326,Odin,Ganglere,2.0
1327,Odin,Har,2.0
1329,Freyja,Man,2.0
1336,Freyja,Gold,2.0
1339,Frigg,Way,2.0
1344,Valhal,Lay,2.0
1345,Skogul,Hild,2.0
1346,Skuld,Mother,2.0
1347,Jord,Mother,2.0
1348,Thor,Mother,2.0
1350,Thor,Chapter,2.0
1352,Vale,Gerd,2.0
1353,Gerd,Frey,2.0
1356,Skirner,Journey,2.0
1359,Frey,Ganglere,2.0
1361,Frey,Hand,2.0
1362,Odin,Valhal,2.0
1381,Grimner,Time,2.0
1382,Skidbladner,Asas,2.0
1383,Odin,Brage,2.0
1388,Freyja,Sun,2.0
1389,Loke,Night,2.0
1390,Thor,End,2.0
1392,Freyja,Jotunheim,2.0
1393,Freyja,Air,2.0
1394,Loke,Way,2.0
1396,Thor,Ganglere,2.0
1401,Thor,Children,2.0
1402,Thor,Daughter,2.0
1403,Thjalfe,Name,2.0
1404,Thjalfe,Thor,2.0
1407,Thor,Morning,2.0
1409,Loke,Thjalfe,2.0
1416,Mjolner,Foot,2.0
1417,Mjolner,Head,2.0
1418,Skrymer,Hammer,2.0
1434,Thor,Woman,2.0
1445,Thor,Har,2.0
1452,Hymer,Serpent,2.0
1454,Thor,Footnote,2.0
1455,Thor,Edda,2.0
1456,Ymer,Edda,2.0
1457,Ymer,Chapter,2.0
1458,Edda,Hymer,2.0
1459,Edda,Death,2.0
1460,Edda,Balder,2.0
1461,Hymer,Asas,2.0
1463,Frigg,Oath,2.0
1464,Balder,Woman,2.0
1468,Balder,Loke,2.0
1469,Hel,Home,2.0
1470,Balder,Asgard,2.0
1471,Balder,Odin,2.0
1472,Asgard,Hermod,2.0
1474,Hermod,Asas,2.0
1479,Mjolner,Thor,2.0
1481,Odin,Ring,2.0
1482,Odin,Night,2.0
1489,Hermod,Hel,2.0
1490,Hermod,Hall,2.0
1491,Hel,Asas,2.0
1495,Hel,Thok,2.0
1496,Thok,Loke,2.0
1499,Loke,Sea,2.0
1500,Loke,Vale,2.0
1501,Loke,Narfe,2.0
1504,Vale,Wolf,2.0
1505,Vale,Brother,2.0
1510,Narfe,Asas,2.0
1512,Skade,Serpent,2.0
1514,Ragnarok,Chapter,2.0
1515,Ragnarok,Har,2.0
1516,Brothers,Sisters,2.0
1517,Brothers,Children,2.0
1518,Brothers,Hard,2.0
1519,Brothers,World,2.0
1520,Sisters,Children,2.0
1521,Sisters,Hard,2.0
1522,Sisters,World,2.0
1526,Hard,World,2.0
1540,Odin,Ash,2.0
1541,Odin,Ygdrasil,2.0
1546,Tyr,Thor,2.0
1547,Thor,Earth,2.0
1548,Odin,Death,2.0
1549,Vidar,Foot,2.0
1551,Prophecy,Head,2.0
1553,Surt,Vidar,2.0
1554,Surt,Way,2.0
1555,Midgard,Serpent,2.0
1556,Midgard,Earth,2.0
1557,Edda,Name,2.0
1558,Surt,God,2.0
1559,Vidar,Fire,2.0
1560,Vale,Fire,2.0
1562,Magne,Mjolner,2.0
1563,Vidar,Gods,2.0
1564,Vale,Gods,2.0
1566,Surt,Magne,2.0
1577,Æger,Hler,2.0
1581,Hler,Journey,2.0
1582,Hler,Asgard,2.0
1583,Thor,Heimdal,2.0
1584,Thor,Forsete,2.0
1585,Njord,Heimdal,2.0
1586,Njord,Brage,2.0
1587,Njord,Vale,2.0
1588,Njord,Uller,2.0
1589,Njord,Forsete,2.0
1590,Njord,Loke,2.0
1591,Frey,Tyr,2.0
1592,Frey,Vale,2.0
1593,Frey,Uller,2.0
1594,Frey,Forsete,2.0
1595,Frey,Asynjes,2.0
1596,Frey,Frigg,2.0
1597,Frey,Gefjun,2.0
1598,Frey,Idun,2.0
1599,Tyr,Heimdal,2.0
1600,Tyr,Brage,2.0
1601,Tyr,Uller,2.0
1602,Tyr,Forsete,2.0
1603,Tyr,Loke,2.0
1604,Tyr,Asynjes,2.0
1605,Tyr,Frigg,2.0
1606,Tyr,Freyja,2.0
1607,Tyr,Gefjun,2.0
1608,Tyr,Idun,2.0
1609,Heimdal,Brage,2.0
1610,Heimdal,Vale,2.0
1611,Heimdal,Uller,2.0
1612,Vidar,Forsete,2.0
1613,Vidar,Asynjes,2.0
1614,Vidar,Frigg,2.0
1615,Vidar,Freyja,2.0
1616,Vidar,Gefjun,2.0
1617,Vidar,Idun,2.0
1618,Vale,Loke,2.0
1619,Uller,Forsete,2.0
1620,Uller,Loke,2.0
1621,Loke,Asynjes,2.0
1622,Loke,Freyja,2.0
1623,Loke,Gefjun,2.0
1624,Frigg,Gefjun,2.0
1625,Frigg,Idun,2.0
1626,Gefjun,Idun,2.0
1627,Brage,Drink,2.0
1628,Brage,Things,2.0
1629,Brage,Idun,2.0
1631,Brage,Journey,2.0
1632,Odin,Honer,2.0
1634,Loke,Honer,2.0
1636,Loke,Eagle,2.0
1638,Loke,Apples,2.0
1639,Idun,Home,2.0
1640,Asgard,Death,2.0
1643,Idun,Jotunheim,2.0
1645,Jotunheim,Freyja,2.0
1648,Thjasse,Loke,2.0
1651,Loke,Thjasse,2.0
1654,Idun,Eagle,2.0
1657,Thjasse,Asgard,2.0
1658,Asgard,Njord,2.0
1659,Loke,Skade,2.0
1660,Skade,Odin,2.0
1661,Æger,Man,2.0
1663,Brage,Gods,2.0
1665,Suttung,Home,2.0
1670,Suttung,Odin,2.0
1671,Odin,Suttung,2.0
1674,Bolverk,Suttung,2.0
1681,Bauge,Time,2.0
1683,Bolverk,Serpent,2.0
1685,Suttung,Eagle,2.0
1687,Hence,Drink,2.0
1702,Æneas,Troy,2.0
1703,Edda,Thor,2.0
1706,Odin,Horse,2.0
1707,Odin,Jotunheim,2.0
1708,Sleipner,Hrungner,2.0
1709,Hrungner,Man,2.0
1710,Hrungner,Horse,2.0
1713,Asgard,Hall,2.0
1714,Asgard,Home,2.0
1717,Jotunheim,Thor,2.0
1718,Thor,Heart,2.0
1719,Hrungner,Heart,2.0
1720,Hrungner,Head,2.0
1722,Thjalfe,Hrungner,2.0
1724,Hrungner,Hands,2.0
1727,Hrungner,Foot,2.0
1730,Magne,Thor,2.0
1732,Hrungner,Father,2.0
1733,Hrungner,Giant,2.0
1734,Thor,Father,2.0
1735,Hrungner,Son,2.0
1749,Brage,Thor,2.0
1755,Geirrod,Strength,2.0
1757,Loke,Stream,2.0
1758,Thor,Gjalp,2.0
1759,Gjalp,Daughter,2.0
1760,Geirrod,Stream,2.0
1764,Gjalp,Thor,2.0
1766,Greip,Thor,2.0
1767,Thor,Daughters,2.0
1768,Greip,Hall,2.0
1769,Geirrod,Daughters,2.0
1774,Gudrun,Thor,2.0
1777,Odin,Daughter,2.0
1781,Geirrod,Giants,2.0
1787,Odin,Air,2.0
1788,Freyja,Hands,2.0
1791,Honer,Holy,2.0
1793,Honer,Fire,2.0
1794,Honer,Giant,2.0
1799,Odin,Hymer,2.0
1802,Idun,Giants,2.0
1806,Idun,Thor,2.0
1807,Glaser,Freyja,2.0
1808,Glaser,Draupner,2.0
1812,Freyja,Eyes,2.0
1815,Draupner,Freyja,2.0
1816,Draupner,Eyes,2.0
1817,Draupner,Asas,2.0
1819,Draupner,Fyrisvold,2.0
1824,Æger,Asgard,2.0
1825,Odin,Skade,2.0
1826,Odin,Sif,2.0
1827,Frey,Skade,2.0
1828,Frey,Sif,2.0
1829,Æger,Hall,2.0
1832,Æger,Name,2.0
1833,Æger,Wife,2.0
1836,Brage,King,2.0
1837,Glaser,Gold,2.0
1838,Valhal,Glaser,2.0
1843,Loke,Skidbladner,2.0
1844,Skidbladner,Head,2.0
1845,Thereupon,Loke,2.0
1846,Thereupon,Dwarf,2.0
1850,Frey,Skidbladner,2.0
1851,Sif,Skidbladner,2.0
1858,Hreidmar,Regin,2.0
1859,Fafner,Father,2.0
1860,Hreidmar,Son,2.0
1869,Regin,Hreidmar,2.0
1871,Regin,Sword,2.0
1880,Sigmund,Sigurd,2.0
1885,Thereupon,Sigurd,2.0
1886,Thereupon,Fafner,2.0
1893,Sigurd,Brother,2.0
1895,Sigurd,Horse,2.0
1898,Grane,Fafner,2.0
1900,Grane,Gold,2.0
1901,Fafner,Grane,2.0
1902,Hild,King,2.0
1903,Sigurd,King,2.0
1904,Sigurd,Name,2.0
1905,Gjuke,Wife,2.0
1906,Gjuke,Children,2.0
1908,Gunnar,Daughter,2.0
1909,Gudrun,Gjuke,2.0
1910,Gudrun,Sigurd,2.0
1913,Gjuke,Atle,2.0
1914,Gunnar,Budle,2.0
1915,Gunnar,Son,2.0
1916,Hogne,Budle,2.0
1917,Sigurd,Sons,2.0
1919,Budle,Son,2.0
1920,Budle,Brynhild,2.0
1921,Budle,Gunnar,2.0
1922,Budle,Wife,2.0
1924,Gunnar,Horse,2.0
1926,Gunnar,Grane,2.0
1930,Brynhild,Sword,2.0
1931,Brynhild,Gift,2.0
1932,Brynhild,Gold,2.0
1933,Brynhild,Ring,2.0
1936,Brynhild,Children,2.0
1938,Sigmund,Brynhild,2.0
1941,Brynhild,River,2.0
1942,Gudrun,River,2.0
1943,Fafner,Brynhild,2.0
1944,Gift,Gunnar,2.0
1945,Gift,Brynhild,2.0
1946,Gunnar,Guthorm,2.0
1947,Gunnar,Brother,2.0
1948,Hogne,Guthorm,2.0
1949,Hogne,Brother,2.0
1950,Gunnar,Gold,2.0
1951,Hogne,Fafner,2.0
1952,Hogne,King,2.0
1953,Fafner,King,2.0
1954,Fafner,Atle,2.0
1955,Gudrun,Atle,2.0
1956,Atle,Heart,2.0
1957,Hogne,Death,2.0
1958,Hogne,Gunnar,2.0
1961,Hence,Gold,2.0
1964,Jormunrek,Son,2.0
1966,Jormunrek,Hand,2.0
1969,Jormunrek,Night,2.0
1970,Jormunrek,Sorle,2.0
1971,Jormunrek,Hamder,2.0
1972,Jormunrek,Hands,2.0
1973,Hamder,Head,2.0
1975,Erp,King,2.0
1977,Sorle,Gjuke,2.0
1979,Hamder,Gjuke,2.0
1980,Sorle,Jormunrek,2.0
1981,Hamder,Jormunrek,2.0
1982,Frode,Name,2.0
1984,Denmark,Name,2.0
1985,Denmark,Fridleif,2.0
1988,Fridleif,Frode,2.0
1990,Fridleif,Father,2.0
1991,Fridleif,Time,2.0
1992,Fridleif,Peace,2.0
1993,Frode,Time,2.0
1994,Frode,Peace,2.0
1997,Frode,Fenja,2.0
2000,Denmark,Strength,2.0
2008,Frode,Wake,2.0
2011,Wake,Fire,2.0
2015,Frode,Fire,2.0
2018,Yrsa,Mill,2.0
2020,Vog,Man,2.0
2021,Rolf,Man,2.0
2022,Rolf,Gift,2.0
2023,Rolf,Name,2.0
2024,Krake,Gift,2.0
2025,Rolf,Mother,2.0
2026,Krake,Rolf,2.0
2027,Krake,Mother,2.0
2028,Upsala,King,2.0
2029,Upsala,Mother,2.0
2031,Yrsa,Rolf,2.0
2032,Yrsa,Krake,2.0
2033,Yrsa,Mother,2.0
2034,Yrsa,King,2.0
2036,Norway,King,2.0
2042,Adils,Horse,2.0
2050,Rolf,Men,2.0
2051,Krake,Men,2.0
2053,Rolf,Gold,2.0
2054,Rolf,Ring,2.0
2056,Krake,Gold,2.0
2057,Krake,Ring,2.0
2059,Krake,Swedes,2.0
2060,Adils,Ring,2.0
2061,Swedes,Hogne,2.0
2062,Hence,Hogne,2.0
2063,Hence,Name,2.0
2064,Krake,Hogne,2.0
2065,Krake,Hild,2.0
2066,Fyrisvold,Hogne,2.0
2067,Fyrisvold,Hild,2.0
2068,Hogne,Name,2.0
2069,Hild,Hedin,2.0
2071,Hogne,Peace,2.0
2072,Said,Sword,2.0
2073,Hedin,Sword,2.0
2076,Æneas,City,2.0
2085,Odin,Account,2.0
2087,Gylfe,Heimskringla,2.0
2093,Romulus,Story,2.0
2094,Romans,Story,2.0
2095,Odin,Æneas,2.0
2096,Odin,Race,2.0
2097,Virgil,Æneas,2.0
2098,Virgil,Race,2.0
2100,Æneas,Race,2.0
2101,Æneas,Virgil,2.0
2102,Virgil,Pompey,2.0
2104,Greeks,Virgil,2.0
2105,Greeks,Mithridates,2.0
2106,Virgil,Romans,2.0
2109,Romans,Mithridates,2.0
2113,Mithridates,Æneas,2.0
2115,Æneas,Odin,2.0
2117,Odin,Europe,2.0
2121,Europe,Sons,2.0
2123,Denmark,Sweden,2.0
2124,Denmark,Norway,2.0
2125,Denmark,People,2.0
2130,Romulus,Son,2.0
2140,Æneas,Romans,2.0
2141,Mimer,Odin,2.0
2144,Romans,Race,2.0
2147,Roman,Account,2.0
2148,Heimskringla,Account,2.0
2151,Black,Asia,2.0
2152,Europe,Svithjod,2.0
2153,Europe,Great,2.0
2156,Black,Svithjod,2.0
2157,Black,Great,2.0
2158,Sea,Svithjod,2.0
2159,Sea,Great,2.0
2163,Great,Land,2.0
2167,Svithjod,Part,2.0
2172,Sea,Country,2.0
2178,Godheim,Odin,2.0
2179,Godheim,Sweden,2.0
2186,Sea,Asia,2.0
2188,Asia,City,2.0
2189,Asaland,City,2.0
2194,Odin,Vanaland,2.0
2195,Frey,Man,2.0
2198,Njord,Asaland,2.0
2201,Frey,Njord,2.0
2202,Freyja,Asaland,2.0
2203,Freyja,People,2.0
2205,Asaland,Vanaland,2.0
2207,Norse,Footnote,2.0
2208,Mythology,Elder,2.0
2209,Mythology,Edda,2.0
2210,Mythology,Odin,2.0
2211,Edda,Mythology,2.0
2212,Odin,Norse,2.0
2213,Mimer,Norse,2.0
2214,Mimer,Mythology,2.0
2215,Hence,Njord,2.0
2216,Njord,Gerd,2.0
2217,Freyja,Njord,2.0
2218,Skade,Freyja,2.0
2221,Roman,World,2.0
2223,Gefjun,King,2.0
2227,Odin,Sea,2.0
2233,Turkland,Asia,2.0
2234,Turkland,Footnote,2.0
2235,Turkland,Norse,2.0
2240,Asia,Turkland,2.0
2241,Asia,Norse,2.0
2244,Asia,Mithridates,2.0
2245,Asia,Pompey,2.0
2246,Mithridates,Pompey,2.0
2249,Europe,Roman,2.0
2252,Great,Romans,2.0
2256,Sweden,Country,2.0
2257,Sweden,Son,2.0
2261,Sweden,Denmark,2.0
2262,Denmark,Footnote,2.0
2263,Gylfe,Peace,2.0
2266,Asaland,Sigtun,2.0
2267,Odin,Sigtun,2.0
2268,Asaland,Gods,2.0
2269,Sigtun,Noatun,2.0
2270,Sigtun,Himinbjorg,2.0
2271,Sigtun,Thrudvang,2.0
2272,Noatun,Himinbjorg,2.0
2273,Noatun,Thrudvang,2.0
2275,Thor,Balder,2.0
2279,Grimner,Gods,2.0
2283,People,Odin,2.0
2284,Frey,Norse,2.0
2288,Svithjod,Country,2.0
2294,Great,Godheim,2.0
2296,Svithjod,Godheim,2.0
2297,Odin,Swedes,2.0
2300,Swedes,Njord,2.0
2301,Swedes,People,2.0
2302,Njord,Gods,2.0
2303,Njord,Swedes,2.0
2306,Gerd,Name,2.0
2307,Gerd,Yngve,2.0
2308,Fjolner,Yngve,2.0
2309,Frey,Yngve,2.0
2310,Yngve,Race,2.0
2314,Freyja,Daughters,2.0
2317,North,Norway,2.0
2318,Sweden,Fornjot,2.0
2320,Fornjot,Sons,2.0
2321,Fornjot,Hler,2.0
2326,Hler,Kare,2.0
2327,Æger,Loge,2.0
2330,Ymer,Sea,2.0
2335,Hler,Sea,2.0
2341,Loke,Kare,2.0
2349,Froste,Name,2.0
2356,Hrolf,Land,2.0
2357,Hrolf,Name,2.0
2360,Edda,Fornjot,2.0
2365,Son,Gylfe,2.0
2367,North,Gylfe,2.0
2369,Heimskringla,Chapter,2.0
2370,Svafner,Odin,2.0
2373,Jafnhar,Gods,2.0
2380,Fornjot,Urd,2.0
2381,Hler,Urd,2.0
2382,Loge,Urd,2.0
2383,Kare,Urd,2.0
2384,Urd,Mimer,2.0
2385,Urd,Norse,2.0
2386,Urd,Odin,2.0
2388,Hvergelmer,Har,2.0
2389,Mimer,Har,2.0
2390,Norse,Har,2.0
2391,Norse,Hall,2.0
2392,Mythology,Har,2.0
2393,Mythology,Hall,2.0
2394,Har,Hall,2.0
2396,Lay,Odin,2.0
2397,Grimner,Name,2.0
2398,Sidskeg,Grimner,2.0
2399,Geirrod,Jalk,2.0
2404,Svafner,Names,2.0
2423,Ragnarok,Hel,2.0
2424,Ragnarok,Death,2.0
2425,Hel,Name,2.0
2429,Hvergelmer,Chapter,2.0
2433,Muspelheim,Hvergelmer,2.0
2437,Hrimgerd,Atle,2.0
2446,Skogul,Chapter,2.0
2448,Skogul,Ygdrasil,2.0
2450,Skogul,Norse,2.0
2451,Skogul,Mythology,2.0
2453,Norse,Urd,2.0
2454,Norse,Skuld,2.0
2458,Witches,Shakspeare,2.0
2462,Norns,Act,2.0
2463,Witch_,Sun,2.0
2464,Witch_,Place,2.0
2469,Sisters,Name,2.0
2475,Shakspeare,Urd,2.0
2480,Shakspeare,Sisters,2.0
2482,Sisters,Women,2.0
2485,Women,Fate,2.0
2496,Sisters,Names,2.0
2497,Fate,Names,2.0
2509,Holy,Place,2.0
2516,Muspelheim,Earth,2.0
2519,Thor,Abode,2.0
2520,Thrudvang,Abode,2.0
2522,Uller,Abode,2.0
2523,Balder,Heimdal,2.0
2524,Balder,Forsete,2.0
2525,Balder,Njord,2.0
2526,Balder,Vidar,2.0
2527,Balder,Lay,2.0
2528,Heimdal,Njord,2.0
2529,Njord,Abode,2.0
2535,Freyja,Dwarfs,2.0
2539,Frey,Elder,2.0
2540,Gerd,Elder,2.0
2541,Gerd,Edda,2.0
2542,Elder,Journey,2.0
2543,Edda,Journey,2.0
2545,Forestier,Story,2.0
2546,Forestier,Sigurd,2.0
2547,Forestier,Brynhild,2.0
2557,Der,Von,2.0
2558,Der,Nordischen,2.0
2561,Thor,Nordischen,2.0
2562,Thor,Von,2.0
2563,Thor,Der,2.0
2564,Nordischen,Der,2.0
2575,Ragnarok,Balder,2.0
2576,Ragnarok,World,2.0
2579,Balder,Holy,2.0
2581,Balder,Heaven,2.0
2582,Balder,Brothers,2.0
2591,Christmas,Woman,2.0
